{
  "$schema": "https://tauri.app/v1/config-schema.json",
  "build": {
    "beforeDevCommand": "npm run dev",
    "beforeBuildCommand": "npm run build",
    "devPath": "http://localhost:1420",
    "distDir": "../dist"
  },
  "package": {
    "productName": "password_app",
    "version": "0.1.1"
  },
  "tauri": {
    "allowlist": {
      "all": false,
      "clipboard": {
        "all": true
      },
      "dialog": {
        "all": true
      }
    },
    "bundle": {
      "active": true,
      "category": "Utility",
      "copyright": "",
      "deb": {
        "depends": []
      },
      "icon": [
        "icons/32x32.png",
        "icons/128x128.png",
        "icons/128x128@2x.png",
        "icons/icon.icns",
        "icons/icon.ico"
      ],
      "identifier": "com.secure.passwordmanager",
      "longDescription": "",
      "macOS": {
        "entitlements": null,
        "exceptionDomain": "",
        "frameworks": [],
        "providerShortName": null,
        "signingIdentity": null
      },
      "resources": [],
      "shortDescription": "",
      "targets": "all",
      "windows": {
        "certificateThumbprint": null,
        "digestAlgorithm": "sha256",
        "timestampUrl": ""
      }
    },
    "security": {
      "csp": null
    },
    "windows": [
      {
        "fullscreen": false,
        "height": 600,
        "resizable": true,
        "title": "Password Manager",
        "width": 800
      }
    ]
  }
}
